0,1,2,3,4,5,6,7,8,9,10,11,12,13,14,15,16,17,18,19,20,21,22,23,24,25,26,27,28,29,30,31,32,33,34,35,36,37,38,39,40,41,42,43,44,45,46,47,48,49,50,51,52,53,54,55,56,57,58,59,60,61,62,63,64,65,66,67,68,69,70,71,72,73,74,75,76,77,78,79,80,81,82,83,84,85,86,87,88,89,90,91,92,93,94,95,96,97,98,99
"RT @TawdeVinod: #InternationalDayofEradicationofGoverty рдкрд░ рдЗрд╕ рд╡рд░реНрд╖ рдХреА рдереАрдо 'рд╡реНрдпрд╡рд╣рд╛рд░ рдореЗрдВ рд╕рднреА рдХреЗ рд▓рд┐рдП рдЧрд░рд┐рдорд╛' рдХрд╛ рдкрд╛рд▓рди рдХрд░рддреЗ рд╣реБрдП, рдЕрдВрддреНрдпреЛрджрдп рдХреЗ рд▓тАж","#ModiAgainstEducation This is the standard of educated ministers in Modi's uneducated world. 
ЁЯШВ https://t.co/6yEdd0EOdV","рдореЗрдбрд┐рдХрд▓ рд╢рд┐рдХреНрд╖рд╛ рдХреЗ рдХреНрд╖реЗрддреНрд░ рдореЗрдВ рд╣реБрдЖ рдпрд╣ рд╢реБрднрд╛рд░рдВрдн рджреЗрд╢ рдореЗрдВ рдПрдХ рдмрдбрд╝рд╛ рд╕рдХрд╛рд░рд╛рддреНрдордХ рдмрджрд▓рд╛рд╡ рд▓рд╛рдиреЗ рд╡рд╛рд▓рд╛ рд╣реИред рдЗрд╕рд╕реЗ рд▓рд╛рдЦреЛрдВ рд╡рд┐рджреНрдпрд╛рд░реНрдереА рдЬрд╣рд╛рдВ рдЕрдкрдиреА рднрд╛рд╖рд╛ рдореЗрдВ рдкрдврд╝рд╛рдИ рдХрд░ рд╕рдХреЗрдВрдЧреЗ, рд╡рд╣реАрдВ рдЙрдирдХреЗ рд▓рд┐рдП рдЕрд╡рд╕рд░реЛрдВ рдХреЗ рднреА рдЕрдиреЗрдХ рджреНрд╡рд╛рд░ рдЦреБрд▓реЗрдВрдЧреЗред https://t.co/kuD9CErsPu","RT @ChouhanShivraj: реР рдкрд╛рд░реНрд╡рддреАрдкреНрд░рд┐рдпрдирдВрджрдирд╛рдп рдирдордГ

рдкрд╛рд╡рди рдкрд░реНрд╡ #рдЕрд╣реЛрдИ_рдЕрд╖реНрдЯрдореА рдХреА рд╕рдорд╕реНрдд рдорд╛рддрд╛рдУрдВ-рдмрд╣рдиреЛрдВ рдХреЛ рдЖрддреНрдореАрдп рдмрдзрд╛рдИ!

рдЕрд╣реЛрдИ рдорд╛рддрд╛ рдХреА рдХреГрдкрд╛ рдХреА рдЕрд╡рд┐рд░рд╛рдо рд╡тАж","Modi Ji deserves Nobel prize but in which category?

тЭЗя╕П Nobel for Medicine - discovering Covid Vaccine

тЭЗя╕П Nobel for Economics - Demonetisation &amp; Swiss Black Money Returns

тЭЗя╕П Nobel for Peace - Stopping the Russia-Ukraine war for 6 hours

тЭЗя╕П Nobel for Physics - Radar Theory","RT @abhishekaap_: Why is the Modi government afraid of @ArvindKejriwal government? ЁЯдФ

This is the reason ЁЯСЗЁЯСЗ

#ModiAgainstEducation

https:/тАж",RT @durgesh_keswani: рдЬреЛ рд▓реЛрдЧ рдорд╛рддреГрднрд╛рд╖рд╛ рдХреЗ рд╕рдорд░реНрдердХ рд╣реИрдВ рдЙрдирдХреЗ рд▓рд┐рдП рдЖрдЬ рдХрд╛ рджрд┐рди рдЧреМрд░рд╡ рдХрд╛ рджрд┐рди рд╣реИред рддрдХрдиреАрдХреА рдФрд░ рдЪрд┐рдХрд┐рддреНрд╕рд╛ рд╢рд┐рдХреНрд╖рд╛ рдореЗрдВ рд╣рд┐рдВрджреА рдкрд╛рдареНрдпрдХреНрд░рдо рдХреА рд╢реБрд░реБтАж,@CTR_Nirmalkumar #Joker_Modi - A Joker Drama https://t.co/xnNQCm7KH0,You are cordially invited for Book Reading of Modi@20:Dreams Meet  Delivery and Conversation on IndiaтАЩs Role in Global Affairs by Hon. Minister of External Affairs @DrSJaishankar ji at Surat @ikaushaldave https://t.co/TvRVRFZWCC,Two ways through which we empowered IndiaтАЩs poor as far as financial inclusion is concerned. https://t.co/xL8ZP1ftzI,"рд╡рд┐рддреНрддреАрдп рднрд╛рдЧреАрджрд╛рд░реА рдЬрдм рдбрд┐рдЬрд┐рдЯрд▓ рднрд╛рдЧреАрджрд╛рд░реА рд╕реЗ рдЬреБрдбрд╝ рдЬрд╛рддреА рд╣реИ, рддреЛ рд╕рдВрднрд╛рд╡рдирд╛рдУрдВ рдХрд╛ рдПрдХ рдирдпрд╛ рд╕рдВрд╕рд╛рд░ рдЦреБрд▓рдиреЗ рд▓рдЧрддрд╛ рд╣реИред https://t.co/CqUbBjiJnQ","RT @aapka_manoj: Samjhe.. This is why Election announcement was delayed.

They will use these cards as a counter to @ArvindKejriwal GuarantтАж","PM Sh. Narendra Modi,dedicates 75 Digital Business Units (DBUs) across 75 Districts today to connect people across India with digital banking services. 

@PMOIndia @FinMinIndia 

#DBUs #banking #financialservices https://t.co/wtUiWfgB4a","RT @DaaruBaazMehta: MODI IS AGAINT EDUCATION!!

Last Week, in the Top 10 Govt Schools Ranking.. 5 were from Delhi Govt.

Today, CBI has senтАж","RT @Amitkv: рдмреБрд▓рдмреБрд▓ рдХреЛ рдХреИрдж рдкрд╕рдВрдж рд╣реИрдВ
#hijab https://t.co/7RK9UX2XoP","RT @DaaruBaazMehta: MODI IS AGAINT EDUCATION!!

Last Week, in the Top 10 Govt Schools Ranking.. 5 were from Delhi Govt.

Today, CBI has senтАж","RT @DaaruBaazMehta: MODI IS AGAINT EDUCATION!!

Last Week, in the Top 10 Govt Schools Ranking.. 5 were from Delhi Govt.

Today, CBI has senтАж","RT @DaaruBaazMehta: MODI IS AGAINT EDUCATION!!

Last Week, in the Top 10 Govt Schools Ranking.. 5 were from Delhi Govt.

Today, CBI has senтАж","RT @DaaruBaazMehta: MODI IS AGAINT EDUCATION!!

Last Week, in the Top 10 Govt Schools Ranking.. 5 were from Delhi Govt.

Today, CBI has senтАж","RT @DaaruBaazMehta: MODI IS AGAINT EDUCATION!!

Last Week, in the Top 10 Govt Schools Ranking.. 5 were from Delhi Govt.

Today, CBI has senтАж","RT @KattarHindu0507: рдкреНрд░рддрд┐ рдорд┐рдирдЯ 60 рдмрдЪреНрдЪреЗ

рдкреНрд░рддрд┐ рдШрдВрдЯрд╛ 3600 рдмрдЪреНрдЪреЗ

рдкреНрд░рддрд┐ рджрд┐рди 86400 рдмрдЪреНрдЪреЗ

рдЕрд░реНрдерд╛рдд 2022 рдореЗрдВ рд╕рд╡рд╛ рддреАрди рдХрд░реЛрдбрд╝ рдмрдЪреНрдЪреЗ

рдЬрдм рддрдХ 2 рдХрд░реЛрдбрд╝тАж","RT @SpiritOfCongres: Will Modi answer?

#JawabDoModi https://t.co/A5Tg2qZxQg","RT @durgesh_keswani: рдЬрдм рд╡рд┐рджреНрдпрд╛рд░реНрдереА рдЕрдкрдиреА рднрд╛рд╖рд╛ рдореЗрдВ рд╕реЛрдЪрддрд╛ рд╣реИ, рд▓рд┐рдЦрддрд╛ рд╣реИ рддреЛ рдЙрд╕рдХреЛ рдореМрд▓рд┐рдХ рдЪрд┐рдВрддрди рдХрд░рдиреЗ рдХрд╛ рдореМрдХрд╛ рдорд┐рд▓рддрд╛ рд╣реИред рдЕрдЧрд░ рд╡рд┐рджреНрдпрд╛рд░реНрдерд┐рдпреЛрдВ рдХреА рд╕реЛрдЪ рдХреЛтАж","RT @anaggh: ~~~~~~~~~~~~~~~
тБз#╪к╪│╪п┘К╪п_┘В╪▒┘И╪╢_╪и┘Ж┘Г┘К╪йтБй 
тАвтАвтАвтАвтАвтАвтАвтАвтАвтАвтАвтАвтАвтАвтАвтАвтАвтАвтАвтАв
┘И╪з╪│╪к╪о╪▒╪з╪м ╪м╪п┘К╪пЁЯТ╡
╪к╪│╪п┘К╪п ╪з┘К┘В╪з┘Б ╪з┘Д╪о╪п┘Е╪з╪к
╪│╪п╪з╪п ┘Е╪к╪╣╪л╪▒╪з╪к ┘Е╪з┘Д┘К┘З
ЁЯСБтАНЁЯЧи╪з┘Д╪▒╪з╪м╪н┘К 
ЁЯСБтАНЁЯЧитАж","RT @SpiritOfCongres: Will Modi answer?

#JawabDoModi https://t.co/A5Tg2qZxQg","RT @NineChronicles: ЁЯПЗReady to ride? 
Come and celebrate #DCC's partnership event with 
@DerbyStars_HQ &amp; more collabs are on the wayЁЯШ╗!

ЁЯОЯя╕ПSuтАж",рд╣рдорд╛рд░реА рд╕рд░рдХрд╛рд░ рдЕрдиреНрдирджрд╛рддрд╛рдУрдВ рдХреЗ рдЬреАрд╡рди рдХреЛ рдЖрд╕рд╛рди рдмрдирд╛рдиреЗ рдХреЗ рд▓рд┐рдП рдкреНрд░рддрд┐рдмрджреНрдз рд╣реИред рдЗрд╕реА рдХрдбрд╝реА рдореЗрдВ рдХрд▓ рд╕реБрдмрд╣ 11:30 рдмрдЬреЗ рджрд┐рд▓реНрд▓реА рдореЗрдВ рдХрд┐рд╕рд╛рди рд╕рдореНрдорд╛рди рд╕рдореНрдореЗрд▓рди рдХрд╛ рдЙрджреНрдШрд╛рдЯрди рдХрд░рдиреЗ рдХреЗ рд╕рд╛рде рд╣реА рдкреАрдПрдо-рдХрд┐рд╕рд╛рди рдХреА 12рд╡реАрдВ рдХрд┐рд╕реНрдд рднреА рдЬрд╛рд░реА рдХрд░реВрдВрдЧрд╛ред рдЗрд╕ рдЕрд╡рд╕рд░ рдкрд░ рдХрдИ рдФрд░ рдпреЛрдЬрдирд╛рдУрдВ рдХреЛ рд╢реБрд░реВ рдХрд░рдиреЗ рдХрд╛ рднреА рд╕реМрднрд╛рдЧреНрдп рдорд┐рд▓реЗрдЧрд╛редhttps://t.co/qrkME13nSa,"RT @narendramodi: Chaired the @CSIR_IND meeting earlier today. Emphasised on ways to improve the research eco-system in India, address theтАж",@FirePowerCosmos's account has been withheld in India in response to a legal demand. Learn more.,RT @jammypants4: #SheebaChaddha supremacy in 2022 ЁЯСПЁЯП╗ https://t.co/s9Hvg7a7bI,RT @2nd49963741: уГБуВвуГТуГУуВнхПпцДЫуБД #уГЦуГлуВвуВл https://t.co/J2eGbifbuy,"Modi ji, Maza aagaya ЁЯШВ https://t.co/xucGen4TS1","RT @dheerug2706: Modi is scared of the Delhi education model and harassing the best education minister of india Manish Sisodia ji..
#ModiAgтАж","RT @AbiParid: This @nytimes article praising Delhi Model of Education is proving to be a nightmare for Modi and his cronies. 

An educatedтАж","RT @RT_turke: #╪з┘К╪┤_┘Е┘И╪п┘Г_╪з┘Д┘К┘И┘Е
Hi
#╪к╪│╪п┘К╪п_┘В╪▒┘И╪╢ 
Ssexdfghj https://t.co/gqfbpto5pH","RT @maninder811: Modi ji,,your evil plot will get failed again,no matter how low you stoop in defaming AAP #ModiAgainstEducation https://t.тАж","RT @AbiParid: This @nytimes article praising Delhi Model of Education is proving to be a nightmare for Modi and his cronies. 

An educatedтАж","RT @CJBdingo25: Sonam, that's a good point. 

Anti-Modi press have been laying the foundations of their 'anti-Hindutva' campaign for monthsтАж","RT @maninder811: Modi ji,,your evil plot will get failed again,no matter how low you stoop in defaming AAP #ModiAgainstEducation https://t.тАж","RT @MMukeshmalik: PM Modi рдХреА рдирдЬрд╝рд░ рдореЗрдВ @msisodia рдХрд╛ рдЧреБрдирд╛рд╣-

Manish рдЬреА рдиреЗ рджрд┐рд▓реНрд▓реА рдХреЗ 18 рд▓рд╛рдЦ рдмрдЪреНрдЪреЛрдВ рдХреЛ рдореБрдлрд╝реНрдд рдФрд░ рдмреЗрд╣рддрд░реАрди рд╢рд┐рдХреНрд╖рд╛ рджреАред

#ModiAgainтАж","RT @SpiritOfCongres: Will Modi answer?

#JawabDoModi https://t.co/A5Tg2qZxQg",RT @PSBIndOfficial: Today Honorable PM Shri Narendra Modi ji dedicated 75 Digital Banking Units (DBU) to Nation. Punjab &amp; Sind Bank DBU atтАж,"RT @sk_SatyamKumar: PM Modi рдХреА рдирдЬрд╝рд░ рдореЗрдВ @msisodia рдХрд╛ рдЧреБрдирд╛рд╣-

Manish рдЬреА рдиреЗ рджрд┐рд▓реНрд▓реА рдХреЗ 18 рд▓рд╛рдЦ рдмрдЪреНрдЪреЛрдВ рдХреЛ рдореБрдлрд╝реНрдд рдФрд░ рдмреЗрд╣рддрд░реАрди рд╢рд┐рдХреНрд╖рд╛ рджреАред
#ModiAgaiтАж","Jayaho #Sri_Modi Ji ЁЯЩПЁЯЩП ЁЯЗоЁЯЗ│ЁЯЗоЁЯЗ│,
Jayaho #Sri_AmitShah Ji ЁЯЩПЁЯЩП ЁЯЗоЁЯЗ│ЁЯЗоЁЯЗ│.

Bharat Mata ki Jai ЁЯЗоЁЯЗ│ЁЯЗоЁЯЗ│ЁЯЗоЁЯЗ│ЁЯЗоЁЯЗ│. https://t.co/vOPL4IF0Bi","RT @anitagpt007: PM Modi рдХреА рдирдЬрд╝рд░ рдореЗрдВ @msisodia рдХрд╛ рдЧреБрдирд╛рд╣-

Manish рдЬреА рдиреЗ рджрд┐рд▓реНрд▓реА рдХреЗ 18 рд▓рд╛рдЦ рдмрдЪреНрдЪреЛрдВ рдХреЛ рдореБрдлрд╝реНрдд рдФрд░ рдмреЗрд╣рддрд░реАрди рд╢рд┐рдХреНрд╖рд╛ рджреАред

#ModiAgainsтАж","RT @davender1979: PM Modi рдХреА рдирдЬрд╝рд░ рдореЗрдВ @msisodia рдХрд╛ рдЧреБрдирд╛рд╣-

Manish рдЬреА рдиреЗ рджрд┐рд▓реНрд▓реА рдХреЗ 18 рд▓рд╛рдЦ рдмрдЪреНрдЪреЛрдВ рдХреЛ рдореБрдлрд╝реНрдд рдФрд░ рдмреЗрд╣рддрд░реАрди рд╢рд┐рдХреНрд╖рд╛ рджреАред

#ModiAgainтАж","RT @anitagpt007: PM Modi рдХреА рдирдЬрд╝рд░ рдореЗрдВ @msisodia рдХрд╛ рдЧреБрдирд╛рд╣-

Manish рдЬреА рдиреЗ рджрд┐рд▓реНрд▓реА рдХреЗ 18 рд▓рд╛рдЦ рдмрдЪреНрдЪреЛрдВ рдХреЛ рдореБрдлрд╝реНрдд рдФрд░ рдмреЗрд╣рддрд░реАрди рд╢рд┐рдХреНрд╖рд╛ рджреАред

#ModiAgainsтАж","RT @Balvind75518555: PM Modi рдХреА рдирдЬрд╝рд░ рдореЗрдВ @msisodia рдХрд╛ рдЧреБрдирд╛рд╣-

Manish рдЬреА рдиреЗ рджрд┐рд▓реНрд▓реА рдХреЗ 18 рд▓рд╛рдЦ рдмрдЪреНрдЪреЛрдВ рдХреЛ рдореБрдлрд╝реНрдд рдФрд░ рдмреЗрд╣рддрд░реАрди рд╢рд┐рдХреНрд╖рд╛ рджреАред

#ModiAgтАж","RT @Rupinde52534793: PM Modi рдХреА рдирдЬрд╝рд░ рдореЗрдВ @msisodia рдХрд╛ рдЧреБрдирд╛рд╣-

Manish рдЬреА рдиреЗ рджрд┐рд▓реНрд▓реА рдХреЗ 18 рд▓рд╛рдЦ рдмрдЪреНрдЪреЛрдВ рдХреЛ рдореБрдлрд╝реНрдд рдФрд░ рдмреЗрд╣рддрд░реАрди рд╢рд┐рдХреНрд╖рд╛ рджреАред

#ModiAgтАж","RT @rajnish782: Modi to Nirmala Tai :
What are some Myths that people still believe?

Nirmala Tai : ""Mai Desh Nahi Bikne Dunga"" (рдореИрдВ рджреЗрд╢ рдитАж",RT @svgrybguj: You are cordially invited for Book Reading of Modi@20:Dreams Meet  Delivery and Conversation on IndiaтАЩs Role in Global AffaiтАж,RT @svgrybguj: You are cordially invited for Book Reading of Modi@20:Dreams Meet  Delivery and Conversation on IndiaтАЩs Role in Global AffaiтАж,RT @svgrybguj: You are cordially invited for Book Reading of Modi@20:Dreams Meet  Delivery and Conversation on IndiaтАЩs Role in Global AffaiтАж,"RT @k_satyarthi: рдЬрдм рджреЗрд╢рднрд░ рдореЗрдВ рд╣рдорд╛рд░реА рдмрд╣рдиреЗрдВ рдФрд░ рднрд╛рдИ рдмрд╛рд▓ рд╡рд┐рд╡рд╛рд╣ рдХреЗ рдЦрд┐рд▓рд╛рдл рдРрддрд┐рд╣рд╛рд╕рд┐рдХ рдЕрднрд┐рдпрд╛рди рдХреЗ рд▓рд┐рдП рдЬреБрдЯреЗ рд╣реИрдВ, рдореЗрд░рд╛ рд╕рд╛рдд рд╕рд╛рд▓ рдХрд╛ рдкреЛрддрд╛ рднрд▓рд╛ рдХреИрд╕реЗ рдкреАрдЫреЗ рд░рд╣тАж",RT @svgrybguj: You are cordially invited for Book Reading of Modi@20:Dreams Meet  Delivery and Conversation on IndiaтАЩs Role in Global AffaiтАж,RT @svgrybguj: You are cordially invited for Book Reading of Modi@20:Dreams Meet  Delivery and Conversation on IndiaтАЩs Role in Global AffaiтАж,"RT @aitc_galib: ржоржорждрж╛ ржмржирзНржжрзНржпрзЛржкрж╛ржзрзНржпрж╛ржпрж╝рзЗрж░ ржЪрж╛рж░ ржжрж╢ржХрзЗрж░ рж▓ржбрж╝рж╛ржЗржХрзЗ ржХрзБрж░рзНржирж┐рж╢ ред рждрзБржорж┐ рж╕рж░рзНржмржжрж╛ рж╣рзГржжржпрж╝рзЗ ржорж╛ редред
#FAM4TMC https://t.co/2qjWDN7i8f",RT @svgrybguj: You are cordially invited for Book Reading of Modi@20:Dreams Meet  Delivery and Conversation on IndiaтАЩs Role in Global AffaiтАж,RT @svgrybguj: You are cordially invited for Book Reading of Modi@20:Dreams Meet  Delivery and Conversation on IndiaтАЩs Role in Global AffaiтАж,RT @svgrybguj: You are cordially invited for Book Reading of Modi@20:Dreams Meet  Delivery and Conversation on IndiaтАЩs Role in Global AffaiтАж,"RT @DaaruBaazMehta: Samjhe.. This is why Election announcement was delayed.

They will use these cards as a counter to @ArvindKejriwal GuarтАж",RT @svgrybguj: You are cordially invited for Book Reading of Modi@20:Dreams Meet  Delivery and Conversation on IndiaтАЩs Role in Global AffaiтАж,"RT @Being_Humor: AAP worker turned journalist at @TheLallantop 

See how AAP has been spreading hate in Gujarat against Modi. ЁЯСЗЁЯП╗ https://t.тАж","RT @ani_digital: PM Modi urges CSIR to develop vision for 2042 when it turns 100

Read @ANI Story | https://t.co/GhaSl4wrrG
#PMModi #CSIR hтАж",RT @OBCMorcha4WB: PM Modi dedicated 75 #DigitalBankingUnit to the nation. These units are open in 75 districts. It is being set up with anтАж,"Modi govt is anti farmer govt. Farmers are struggling by the decisions of Modi.
#BharatJodoYatra https://t.co/61ytfCUw88","RT @techtradeguru: (1/n)A complete thread on how Rupee  was under free fall under UPA and is one of the strongest major 
currency under ModтАж",RT @svgrybguj: You are cordially invited for Book Reading of Modi@20:Dreams Meet  Delivery and Conversation on IndiaтАЩs Role in Global AffaiтАж,"RT @nishasengar31: Due to Misuse of the POCSO Act there is so many innocent people are suffering, who's life are now totally destroyed,
SoтАж","RT @BoB_can_BUILD: рд╣рд╛рдЪ рддреЛ рд╡рд┐рдбрд┐рдУ , рддреНрдпрд╛ рд▓реЛрдХрд╛рдВрдиреА рднрд╛рд░рдд рдЙрдкрд╛рд╢реА рдореНрд╣рдгреВрди рдардкрдХрд╛ рд▓рд╛рд╡рдгреНрдпрд╛рд╕рд╛рдареА рд╕рдмрд│ рдкреБрд░рд╡рд╛ рдореНрд╣рдгреВрди рд╡рд╛рдкрд░рд▓рд╛ ЁЯШ╣ЁЯШ╣ЁЯШ╣ 

#HungerIndex https://t.co/7тАж",RT @svgrybguj: You are cordially invited for Book Reading of Modi@20:Dreams Meet  Delivery and Conversation on IndiaтАЩs Role in Global AffaiтАж,RT @svgrybguj: You are cordially invited for Book Reading of Modi@20:Dreams Meet  Delivery and Conversation on IndiaтАЩs Role in Global AffaiтАж,RT @svgrybguj: You are cordially invited for Book Reading of Modi@20:Dreams Meet  Delivery and Conversation on IndiaтАЩs Role in Global AffaiтАж,RT @svgrybguj: You are cordially invited for Book Reading of Modi@20:Dreams Meet  Delivery and Conversation on IndiaтАЩs Role in Global AffaiтАж,"RT @Official_Nirav_: PM Modi рдХреА рдирдЬрд╝рд░ рдореЗрдВ @msisodia рдХрд╛ рдЧреБрдирд╛рд╣-

Manish рдЬреА рдиреЗ рджрд┐рд▓реНрд▓реА рдХреЗ 18 рд▓рд╛рдЦ рдмрдЪреНрдЪреЛрдВ рдХреЛ рдореБрдлрд╝реНрдд рдФрд░ рдмреЗрд╣рддрд░реАрди рд╢рд┐рдХреНрд╖рд╛ рджреАред

#ModiAgтАж","RT @Rupinde52534793: PM Modi рдХреА рдирдЬрд╝рд░ рдореЗрдВ @msisodia рдХрд╛ рдЧреБрдирд╛рд╣-

Manish рдЬреА рдиреЗ рджрд┐рд▓реНрд▓реА рдХреЗ 18 рд▓рд╛рдЦ рдмрдЪреНрдЪреЛрдВ рдХреЛ рдореБрдлрд╝реНрдд рдФрд░ рдмреЗрд╣рддрд░реАрди рд╢рд┐рдХреНрд╖рд╛ рджреАред

#ModiAgтАж","RT @DaaruBaazMehta: MODI IS AGAINT EDUCATION!!

Last Week, in the Top 10 Govt Schools Ranking.. 5 were from Delhi Govt.

Today, CBI has senтАж","RT @AamAadmiPartyWB: #ModiAgainstEducation
World's best Education Minister, @msisodia responsible for the education revolution has been sumтАж",RT @svgrybguj: You are cordially invited for Book Reading of Modi@20:Dreams Meet  Delivery and Conversation on IndiaтАЩs Role in Global AffaiтАж,RT @svgrybguj: You are cordially invited for Book Reading of Modi@20:Dreams Meet  Delivery and Conversation on IndiaтАЩs Role in Global AffaiтАж,"RT @DaaruBaazMehta: MODI IS AGAINT EDUCATION!!

Last Week, in the Top 10 Govt Schools Ranking.. 5 were from Delhi Govt.

Today, CBI has senтАж","RT @DaaruBaazMehta: Samjhe.. This is why Election announcement was delayed.

They will use these cards as a counter to @ArvindKejriwal GuarтАж","RT @DaaruBaazMehta: Samjhe.. This is why Election announcement was delayed.

They will use these cards as a counter to @ArvindKejriwal GuarтАж","RT @DayalDangi1: тЬЕ Top 5/10 Govt schools in Delhi
тЬЕ Top IIT intakes from Govt schools in Delhi
тЬЕ Foreign training for teacher of Delhi GovtтАж","RT @DaaruBaazMehta: MODI IS AGAINT EDUCATION!!

Last Week, in the Top 10 Govt Schools Ranking.. 5 were from Delhi Govt.

Today, CBI has senтАж","RT @DaaruBaazMehta: Samjhe.. This is why Election announcement was delayed.

They will use these cards as a counter to @ArvindKejriwal GuarтАж","RT @HasanSafin: тЬЕ Top 5/10 Govt schools in Delhi
тЬЕ Top IIT intakes from Govt schools in Delhi
тЬЕ Foreign training for teacher of Delhi GovtтАж","RT @DaaruBaazMehta: Samjhe.. This is why Election announcement was delayed.

They will use these cards as a counter to @ArvindKejriwal GuarтАж","RT @DaaruBaazMehta: MODI IS AGAINT EDUCATION!!

Last Week, in the Top 10 Govt Schools Ranking.. 5 were from Delhi Govt.

Today, CBI has senтАж","RT @DaaruBaazMehta: Samjhe.. This is why Election announcement was delayed.

They will use these cards as a counter to @ArvindKejriwal GuarтАж","RT @HasanSafin: тЬЕ Top 5/10 Govt schools in Delhi
тЬЕ Top IIT intakes from Govt schools in Delhi
тЬЕ Foreign training for teacher of Delhi GovtтАж","RT @DaaruBaazMehta: MODI IS AGAINT EDUCATION!!

Last Week, in the Top 10 Govt Schools Ranking.. 5 were from Delhi Govt.

Today, CBI has senтАж","RT @DaaruBaazMehta: Samjhe.. This is why Election announcement was delayed.

They will use these cards as a counter to @ArvindKejriwal GuarтАж",RT @VanathiBJP: Honourable Union Minister Smt.@smritiirani receives grievances and interacts with various PM Modi Govt. Schemes BeneficiariтАж,RT @svgrybguj: You are cordially invited for Book Reading of Modi@20:Dreams Meet  Delivery and Conversation on IndiaтАЩs Role in Global AffaiтАж,"RT @DaaruBaazMehta: MODI IS AGAINT EDUCATION!!

Last Week, in the Top 10 Govt Schools Ranking.. 5 were from Delhi Govt.

Today, CBI has senтАж",RT @svgrybguj: You are cordially invited for Book Reading of Modi@20:Dreams Meet  Delivery and Conversation on IndiaтАЩs Role in Global AffaiтАж,"RT @HasanSafin: тЬЕ Top 5/10 Govt schools in Delhi
тЬЕ Top IIT intakes from Govt schools in Delhi
тЬЕ Foreign training for teacher of Delhi GovtтАж","RT @DaaruBaazMehta: Samjhe.. This is why Election announcement was delayed.

They will use these cards as a counter to @ArvindKejriwal GuarтАж",RT @rohitTeamBJP: рдпрд╣ рдмрджрдХрд┐рд╕реНтАНрдорддреА рдХреА рдмрд╛рдд рд╣реИ рдХрд┐ рдЖрдЬрд╛рджреА рдХреЗ 75 рд╕рд╛рд▓ рдмреАрдд рдЬрд╛рдиреЗ рдХреЗ рдмрд╛рдж рднреА рдмрд╛рд▓ рд╡рд┐рд╡рд╛рд╣ рдХреА рдмреБрд░рд╛рдИ рд╣рдорд╛рд░реЗ рд╕рдорд╛рдЬ рдореЗрдВ рдореМрдЬреВрдж рд╣реИред рдиреЛрдмреЗрд▓ рд╢рд╛рдВрддрд┐ рдкреБрд░тАж
